{
	"system" : {
		"platform" : "windows64",
		"os_name" : "Windows 10",
		"os_version" : "10.0"
	},
	"error" : {
		"executable" : "quartus",
		"comment" : "not_applicable",
		"error_message" : "Access Violation at 0X00007FFA90C4CD1C",
		"source_file" : "unknown",
		"line" : "0",
		"stack_trace" : "\t0x7ffa90c4cd1b: db_vdb + 0x2cd1b (?set_run@VDB_COMMENT@@QEAAXH@Z + 0x3)\n\t0x7ffab0cb9f8b: edt_wedtq + 0x49f8b (?rearrange_rows@WEDTQ_NODE_VIEW@@QEAAXHV?$QList@H@@@Z + 0x62b)\n\t0x7ffab0cdf7c2: edt_wedtq + 0x6f7c2 (?execute@WEDTQ_GROUP_COMMAND@@UEAA_NXZ + 0x2a2)\n\t0x7ffab0cb7a2b: edt_wedtq + 0x47a2b (?group_nodes@WEDTQ_NODE_VIEW@@QEAAXXZ + 0x6b)\n\t 0x587bc420: QtCore4 + 0x11c420 (?activate@QMetaObject@@SAXPEAVQObject@@PEBU1@HPEAPEAX@Z + 0x520)\n\t 0x57d0a23f: QtGui4 + 0xa23f (?activate@QAction@@QEAAXW4ActionEvent@1@@Z + 0xdf)\n\t 0x580b5c03: QtGui4 + 0x3b5c03 (?actionGeometry@QMenu@@QEBA?AVQRect@@PEAVQAction@@@Z + 0x443)\n\t 0x580b5a95: QtGui4 + 0x3b5a95 (?actionGeometry@QMenu@@QEBA?AVQRect@@PEAVQAction@@@Z + 0x2d5)\n\t 0x57d60794: QtGui4 + 0x60794 (?event@QWidget@@MEAA_NPEAVQEvent@@@Z + 0xd4)\n\t 0x580b6934: QtGui4 + 0x3b6934 (?event@QMenu@@MEAA_NPEAVQEvent@@@Z + 0x284)\n\t 0x57d22e95: QtGui4 + 0x22e95 (?notify_helper@QApplicationPrivate@@QEAA_NPEAVQObject@@PEAVQEvent@@@Z + 0xf5)\n\t 0x57d21a8e: QtGui4 + 0x21a8e (?notify@QApplication@@UEAA_NPEAVQObject@@PEAVQEvent@@@Z + 0x71e)\n\t 0x587ad92b: QtCore4 + 0x10d92b (?notifyInternal@QCoreApplication@@AEAA_NPEAVQObject@@PEAVQEvent@@@Z + 0x7b)\n\t 0x57d25cfe: QtGui4 + 0x25cfe (?sendMouseEvent@QApplicationPrivate@@SA_NPEAVQWidget@@PEAVQMouseEvent@@00PEAPEAV2@AEAV?$QPointer@VQWidget@@@@_N@Z + 0x1de)\n\t 0x57d85366: QtGui4 + 0x85366 (?trUtf8@QScrollBar@@SA?AVQString@@PEBD0H@Z + 0x10b6)\n\t 0x57d890b1: QtGui4 + 0x890b1 (?winMouseButtonUp@QApplication@@SAXXZ + 0x2761)\n\t0x7ffacf365c1c: USER32 + 0x15c1c (CallWindowProcW + 0x3bc)\n\t0x7ffacf365611: USER32 + 0x15611 (DispatchMessageW + 0x1f1)\n\t 0x587d2802: QtCore4 + 0x132802 (?processEvents@QEventDispatcherWin32@@UEAA_NV?$QFlags@W4ProcessEventsFlag@QEventLoop@@@@@Z + 0x3e2)\n\t 0x57d80eb4: QtGui4 + 0x80eb4 (?openPopup@QApplicationPrivate@@QEAAXPEAVQWidget@@@Z + 0x204)\n\t 0x587aa88b: QtCore4 + 0x10a88b (?exec@QEventLoop@@QEAAHV?$QFlags@W4ProcessEventsFlag@QEventLoop@@@@@Z + 0x22b)\n\t 0x580b6a56: QtGui4 + 0x3b6a56 (?exec@QMenu@@QEAAPEAVQAction@@AEBVQPoint@@PEAV2@@Z + 0x76)\n\t0x7ffab0cb5d84: edt_wedtq + 0x45d84 (?contextMenuEvent@WEDTQ_NODE_VIEW@@MEAAXPEAVQContextMenuEvent@@@Z + 0x274)\n\t 0x57d60c7e: QtGui4 + 0x60c7e (?event@QWidget@@MEAA_NPEAVQEvent@@@Z + 0x5be)\n\t 0x58082676: QtGui4 + 0x382676 (?event@QFrame@@MEAA_NPEAVQEvent@@@Z + 0x36)\n\t 0x5817552c: QtGui4 + 0x47552c (?viewportEvent@QAbstractItemView@@MEAA_NPEAVQEvent@@@Z + 0x4ac)\n\t0x7ffa9cd51656: GCL_AFCQ + 0xc1656 (?viewportEvent@AFCQ_TREE_VIEW@@MEAA_NPEAVQEvent@@@Z + 0x2b6)\n\t 0x587af802: QtCore4 + 0x10f802 (?sendThroughObjectEventFilters@QCoreApplicationPrivate@@QEAA_NPEAVQObject@@PEAVQEvent@@@Z + 0x82)\n\t 0x57d22e81: QtGui4 + 0x22e81 (?notify_helper@QApplicationPrivate@@QEAA_NPEAVQObject@@PEAVQEvent@@@Z + 0xe1)\n\t 0x57d21e36: QtGui4 + 0x21e36 (?notify@QApplication@@UEAA_NPEAVQObject@@PEAVQEvent@@@Z + 0xac6)\n\t 0x587ad92b: QtCore4 + 0x10d92b (?notifyInternal@QCoreApplication@@AEAA_NPEAVQObject@@PEAVQEvent@@@Z + 0x7b)\n\t 0x57d8574f: QtGui4 + 0x8574f (?trUtf8@QScrollBar@@SA?AVQString@@PEBD0H@Z + 0x149f)\n\t 0x57d890b1: QtGui4 + 0x890b1 (?winMouseButtonUp@QApplication@@SAXXZ + 0x2761)\n\t0x7ffacf365c1c: USER32 + 0x15c1c (CallWindowProcW + 0x3bc)\n\t0x7ffacf365611: USER32 + 0x15611 (DispatchMessageW + 0x1f1)\n\t 0x587d2802: QtCore4 + 0x132802 (?processEvents@QEventDispatcherWin32@@UEAA_NV?$QFlags@W4ProcessEventsFlag@QEventLoop@@@@@Z + 0x3e2)\n\t 0x57d80eb4: QtGui4 + 0x80eb4 (?openPopup@QApplicationPrivate@@QEAAXPEAVQWidget@@@Z + 0x204)\n\t 0x587aa88b: QtCore4 + 0x10a88b (?exec@QEventLoop@@QEAAHV?$QFlags@W4ProcessEventsFlag@QEventLoop@@@@@Z + 0x22b)\n\t 0x587ace6f: QtCore4 + 0x10ce6f (?exec@QCoreApplication@@SAHXZ + 0xdf)\n\t0x7ff71e86197b: quartus + 0x197b (?qgq_main@@YAHHPEAPEBD@Z + 0x7b)\n\t0x7ffab8672e98: CCL_MSG + 0x12e98 (?msg_main_thread@@YAPEAXPEAX@Z + 0x18)\n\t0x7ffab867467e: CCL_MSG + 0x1467e (?msg_thread_wrapper@@YAPEAXP6APEAXPEAX@Z0@Z + 0x6e)\n\t0x7ffab8776660: ccl_mem + 0x16660 (?mem_thread_wrapper@@YAPEAXP6APEAXPEAX@Z0@Z + 0x70)\n\t0x7ffab8672761: CCL_MSG + 0x12761 (?msg_exe_main@@YAHHPEAPEBDP6AHH0@Z@Z + 0xa1)\n\t0x7ff71e8624e7: quartus + 0x24e7 (WinMain + 0x127)\n\t0x7ff71e861e58: quartus + 0x1e58 (__tmainCRTStartup + 0x148)\n\t0x7fface817c23: KERNEL32 + 0x17c23 (BaseThreadInitThunk + 0x13)\n\t0x7ffacfe6d720: ntdll + 0x6d720 (RtlUserThreadStart + 0x20)\n",
		"subsystem" : "unknown"
	},
	"quartus" : {
		"quartus_bits" : "64",
		"version" : "18.1.0",
		"build" : "625",
		"edition" : "Lite Edition"
	}
}