{
	"partitions" : [
		{
			"name" : "Top",
			"pins" : [
				{
					"name" : "VoieA[2]",
					"strict" : false
				},
				{
					"name" : "VoieA[1]",
					"strict" : false
				},
				{
					"name" : "VoieA[0]",
					"strict" : false
				},
				{
					"name" : "VoieB[2]",
					"strict" : false
				},
				{
					"name" : "VoieB[1]",
					"strict" : false
				},
				{
					"name" : "VoieB[0]",
					"strict" : false
				},
				{
					"name" : "Init",
					"strict" : false
				},
				{
					"name" : "Urg",
					"strict" : false
				},
				{
					"name" : "JC",
					"strict" : false
				},
				{
					"name" : "E[2]",
					"strict" : false
				},
				{
					"name" : "E[1]",
					"strict" : false
				},
				{
					"name" : "E[3]",
					"strict" : false
				},
				{
					"name" : "CLK",
					"strict" : false
				},
				{
					"name" : "E[0]",
					"strict" : false
				}
			]
		}
	]
}